station,min,mean,std,max,Q1,Q2,Q3,P95
901,1,19.09588626739262,193.97476199028395,11021,1.0,1.0,3.0,23.449999999999818
902,1,24.698776758409785,127.80603823638248,3181,1.0,2.0,4.0,90.34999999999945
904,1,10.058907026259758,65.979379108223,4664,1.0,1.0,2.0,37.0
905,1,22.870146043246915,134.67231240482496,6664,1.0,1.0,3.0,76.0
906,1,15.227101394647569,78.11935901120667,2136,1.0,1.0,5.0,39.75
907,1,27.61056401074306,472.2548505450575,30821,1.0,1.0,3.0,34.0
910,1,20.400745573159366,198.99931181411904,13292,1.0,1.0,3.0,25.0
916,1,9.325346165177256,114.14003879476041,9377,1.0,1.0,2.0,11.0
